data_hora,equipamento_id,tipo_operacao,cultura,umidade_solo,precipitacao_24h,precipitacao_prevista,temperatura,declividade_terreno,distancia_corpo_dagua,tipo_solo,historico_sinistros_area,horas_uso_equipamento,ultima_manutencao_dias,velocidade_vento,risco_label
2026-03-10 15:00,TRAT-001,campo,soja,57.1,22.3,1.3,27.1,2.1,555.1,latossolo,0,199.1,34,16.1,0
2026-03-11 09:30,TRAT-001,transporte,soja,59.7,43.3,5.0,23.1,3.3,118.1,argissolo,2,199.9,82,10.3,1
2026-03-12 09:00,PLAN-001,campo,cana,72.3,33.2,0.7,24.7,6.9,222.3,argissolo,0,853.2,34,24.8,0
2026-03-13 08:30,TRAT-004,campo,cana,87.2,27.7,10.9,24.0,8.5,88.3,gleissolo,5,1416.5,93,17.4,1
2026-03-13 06:30,COLH-003,campo,soja,89.4,29.6,7.5,32.6,13.4,81.0,gleissolo,1,1528.2,38,7.4,1
2026-03-14 08:15,TRAT-003,campo,soja,59.6,11.4,10.2,29.2,8.6,222.2,argissolo,2,1946.5,64,16.7,0
2026-03-14 15:30,COLH-001,campo,milho,58.9,18.0,14.6,31.1,10.9,151.8,latossolo,0,1332.1,85,11.2,0
2026-03-14 07:00,PLAN-002,campo,soja,69.4,20.2,3.6,24.9,12.0,349.6,latossolo,0,1659.6,15,21.6,0
2026-03-14 15:45,PLAN-001,campo,cana,79.2,44.3,10.9,24.4,7.3,68.1,gleissolo,5,854.4,88,13.0,1
2026-03-15 07:15,TRAT-002,campo,cana,55.2,33.3,0.9,22.8,2.1,167.7,argissolo,2,665.2,14,16.3,0
2026-03-15 07:45,COLH-003,campo,soja,67.3,39.6,0.8,29.8,13.5,120.9,argissolo,0,1529.5,56,21.5,1
2026-03-15 07:15,PLAN-001,campo,milho,65.0,1.9,4.0,32.3,3.3,404.4,latossolo,2,856.2,74,24.1,0
2026-03-15 09:45,COLH-005,campo,milho,75.0,37.6,13.9,31.4,6.8,44.8,gleissolo,5,1050.3,76,19.9,1
2026-03-15 14:00,COLH-001,campo,cana,51.2,1.4,2.5,32.2,2.8,655.7,latossolo,0,1333.5,91,24.7,0
2026-03-15 14:00,COLH-003,campo,cana,61.1,33.6,3.6,26.7,13.9,236.9,argissolo,1,1531.2,63,11.6,1
2026-03-15 09:00,TRAT-002,campo,cana,65.2,22.0,5.5,23.9,16.9,663.3,latossolo,2,666.4,43,18.7,0
2026-03-15 15:00,TRAT-003,campo,soja,63.5,13.4,5.1,30.2,17.3,81.1,argissolo,4,1948.3,67,10.0,1
2026-03-15 15:45,TRAT-005,campo,milho,62.9,34.6,8.3,27.1,1.7,177.4,argissolo,0,1159.3,93,25.7,1
2026-03-15 07:00,TRAT-005,campo,soja,80.0,24.6,11.7,32.6,9.0,48.9,gleissolo,4,1161.1,24,26.2,1
2026-03-15 09:00,TRAT-003,campo,milho,75.1,34.4,3.7,23.9,14.5,132.3,argissolo,3,1950.2,9,24.6,1
2026-03-16 08:15,TRAT-004,campo,soja,32.8,19.3,5.3,28.1,14.1,303.2,latossolo,2,1418.3,47,26.5,0
2026-03-17 14:30,TRAT-001,campo,milho,47.5,24.6,1.7,32.8,5.0,582.5,latossolo,0,200.5,95,14.5,0
2026-03-17 09:00,COLH-001,campo,cana,81.0,33.9,6.1,26.8,7.0,94.8,gleissolo,1,1334.6,29,14.1,1
2026-03-17 09:00,TRAT-005,campo,milho,64.7,22.7,10.1,28.1,16.2,171.3,argissolo,5,1162.0,26,19.8,1
2026-03-18 07:30,TRAT-004,transporte,soja,49.0,21.2,1.1,27.0,13.2,284.7,latossolo,0,1419.0,94,13.2,0
2026-03-18 06:45,TRAT-004,campo,cana,62.5,38.9,6.8,31.6,13.9,60.0,argissolo,4,1420.1,81,11.6,1
2026-03-19 14:45,TRAT-003,campo,milho,63.6,6.9,3.9,27.8,5.9,563.5,latossolo,1,1951.0,14,21.1,0
2026-03-20 14:00,TRAT-003,campo,milho,56.9,21.3,8.1,27.0,5.3,191.3,argissolo,3,1951.9,54,25.7,1
2026-03-20 09:00,COLH-001,campo,milho,83.4,53.6,8.2,29.2,5.6,115.8,gleissolo,1,1336.5,39,14.5,1
2026-03-21 15:15,COLH-005,transporte,cana,72.8,31.5,1.3,27.1,17.5,231.4,argissolo,0,1051.1,11,10.2,1
2026-03-22 08:45,TRAT-005,transporte,milho,30.8,13.5,15.0,26.2,13.5,195.0,latossolo,5,1162.9,10,22.1,1
2026-03-22 14:15,TRAT-004,campo,cana,48.6,6.4,1.8,29.3,19.3,671.3,latossolo,2,1421.7,19,22.7,0
2026-03-23 14:00,TRAT-005,campo,milho,33.0,17.3,9.4,23.2,15.8,543.3,latossolo,2,1164.8,81,23.3,0
2026-03-23 14:45,COLH-001,campo,cana,62.9,2.6,4.8,29.6,16.8,617.3,latossolo,2,1337.0,24,14.5,0
2026-03-24 09:45,PLAN-002,campo,soja,92.6,31.0,7.0,29.3,8.5,37.8,gleissolo,0,1661.6,68,24.4,1
2026-03-24 08:30,TRAT-005,transporte,cana,85.3,28.6,3.6,26.9,11.8,80.0,gleissolo,1,1166.5,93,15.4,1
2026-03-25 06:30,TRAT-004,campo,soja,48.9,13.3,6.4,31.0,7.6,469.9,latossolo,2,1422.4,63,10.5,0
2026-03-25 08:00,PLAN-001,transporte,cana,49.4,18.1,14.6,28.3,6.7,269.0,latossolo,0,858.2,29,11.1,0
2026-03-26 15:15,TRAT-005,campo,soja,58.8,39.7,7.4,32.5,12.1,189.5,argissolo,3,1168.1,66,14.6,1
2026-03-26 09:00,TRAT-002,campo,soja,59.6,37.4,14.2,23.0,6.1,187.3,argissolo,4,668.4,58,18.6,1
2026-03-26 09:45,TRAT-005,transporte,milho,54.4,18.5,14.2,24.5,5.4,491.6,latossolo,2,1168.9,15,7.8,0
2026-03-26 06:45,COLH-005,campo,milho,58.3,17.6,6.8,30.2,18.6,277.3,latossolo,2,1052.1,80,19.9,0
2026-03-27 14:15,TRAT-003,transporte,soja,42.3,18.7,8.5,25.5,3.8,241.3,latossolo,2,1953.3,43,20.8,1
2026-03-28 06:00,COLH-003,campo,cana,68.5,20.9,8.6,33.4,20.0,200.2,latossolo,2,1532.8,39,17.8,1
2026-03-28 14:45,TRAT-005,campo,cana,68.8,11.8,6.1,25.9,3.4,597.8,latossolo,0,1169.7,47,13.9,0
2026-03-29 09:00,COLH-001,campo,soja,85.3,64.5,9.9,28.5,9.1,66.4,gleissolo,1,1338.6,71,12.7,1
2026-03-30 07:30,PLAN-001,campo,milho,34.9,24.3,9.1,24.9,4.4,534.0,latossolo,2,859.2,6,17.3,0
2026-03-30 06:15,COLH-005,transporte,milho,80.0,44.2,3.7,28.6,8.6,104.7,argissolo,4,1054.0,70,21.9,1
2026-03-30 09:30,PLAN-001,campo,soja,53.5,25.0,7.3,23.8,11.5,314.2,latossolo,1,859.8,47,17.2,0
2026-03-31 07:15,PLAN-002,campo,milho,58.2,20.3,5.8,30.0,16.7,559.6,latossolo,0,1662.4,68,27.2,0
2026-04-01 09:00,PLAN-001,transporte,soja,74.6,11.2,7.0,33.6,7.8,132.0,argissolo,5,861.1,55,19.6,1
2026-04-02 15:45,PLAN-001,campo,soja,41.5,5.7,0.5,33.7,15.6,526.4,latossolo,2,862.9,17,14.6,0
2026-04-02 08:00,TRAT-005,campo,milho,52.6,19.8,2.5,22.9,17.6,442.1,latossolo,2,1170.9,92,9.8,0
2026-04-02 09:30,COLH-005,campo,soja,80.8,44.6,1.1,33.3,19.8,71.9,gleissolo,2,1054.7,86,27.1,1
2026-04-03 07:45,COLH-005,campo,milho,84.8,16.8,14.7,29.9,6.6,165.0,argissolo,4,1056.2,92,22.7,1
2026-04-04 07:30,TRAT-004,campo,cana,60.7,17.0,2.1,23.2,13.1,565.6,latossolo,0,1423.3,44,22.9,0
2026-04-05 06:30,COLH-001,campo,soja,65.1,9.1,2.5,25.3,4.5,582.6,latossolo,1,1340.2,42,21.9,0
2026-04-05 06:15,TRAT-004,transporte,cana,80.4,27.3,1.4,26.7,6.4,129.5,argissolo,0,1423.9,63,12.8,1
2026-04-06 15:30,TRAT-002,campo,milho,52.5,22.9,3.3,22.8,16.7,636.3,latossolo,2,670.1,43,19.6,0
2026-04-06 08:45,TRAT-002,campo,cana,56.8,18.6,14.2,27.0,15.2,399.5,latossolo,0,670.8,58,19.7,0
2026-04-07 06:30,TRAT-004,campo,soja,88.7,44.5,14.7,26.3,8.9,38.9,gleissolo,1,1425.5,20,26.8,1
2026-04-07 15:00,TRAT-001,transporte,soja,79.1,57.3,8.3,29.0,16.5,100.8,gleissolo,1,201.8,47,22.6,1
2026-04-07 07:15,PLAN-001,campo,soja,35.3,9.0,3.9,29.1,1.8,626.5,latossolo,1,864.4,11,7.0,0
2026-04-07 09:45,COLH-001,campo,soja,54.6,18.2,13.6,29.9,7.1,271.9,latossolo,2,1341.2,8,5.5,0
2026-04-08 15:00,COLH-005,campo,milho,54.3,1.6,1.4,29.6,11.6,194.4,latossolo,2,1058.2,53,27.9,0
2026-04-09 06:00,PLAN-001,campo,soja,46.6,20.7,6.0,30.8,7.3,638.5,latossolo,1,865.5,90,10.1,0
2026-04-10 06:00,TRAT-002,campo,cana,71.7,28.5,8.4,26.0,3.8,212.4,argissolo,1,672.6,90,26.6,1
2026-04-10 14:30,COLH-001,campo,cana,39.0,2.7,4.2,26.4,15.6,511.2,latossolo,2,1342.4,33,23.4,0
2026-04-10 06:15,TRAT-005,campo,milho,78.6,26.4,9.9,22.8,15.2,61.6,gleissolo,0,1172.8,16,21.9,1
2026-04-11 08:15,COLH-001,campo,milho,57.5,7.1,0.8,29.4,14.0,163.5,argissolo,2,1344.2,61,19.9,1
2026-04-12 08:15,PLAN-001,campo,milho,53.7,13.2,4.6,24.6,19.7,523.0,latossolo,0,867.4,5,8.9,0
2026-04-12 08:30,TRAT-002,campo,cana,51.3,5.8,2.8,30.0,8.1,221.1,latossolo,1,673.7,10,14.5,0
2026-04-12 14:45,PLAN-002,campo,cana,30.8,8.1,4.0,29.4,16.9,213.3,latossolo,1,1663.1,16,14.5,0
2026-04-13 14:00,COLH-003,transporte,cana,36.7,12.8,1.7,28.1,18.3,333.2,latossolo,1,1534.4,49,21.5,1
2026-04-13 06:15,TRAT-005,campo,cana,33.0,23.8,9.4,27.6,11.9,567.5,latossolo,2,1173.6,62,20.3,0
2026-04-14 07:45,TRAT-002,campo,cana,32.2,12.7,4.7,27.4,2.6,301.1,latossolo,1,674.9,14,19.5,0
2026-04-14 09:00,COLH-005,transporte,cana,69.3,11.0,0.9,23.2,18.1,114.3,argissolo,2,1059.5,15,16.1,1
2026-04-14 09:15,COLH-001,campo,milho,57.2,1.3,3.2,26.0,7.6,576.0,latossolo,2,1345.4,91,13.3,0
2026-04-14 06:15,COLH-001,campo,cana,72.9,42.5,4.6,26.5,16.1,128.4,argissolo,1,1346.3,90,20.9,1
2026-04-14 14:30,TRAT-001,campo,soja,90.3,28.6,15.0,23.9,7.0,60.8,gleissolo,0,203.5,69,22.5,1
2026-04-14 14:15,PLAN-002,campo,soja,55.0,22.6,10.8,22.5,8.2,531.1,latossolo,2,1663.8,35,27.3,0
2026-04-15 14:15,TRAT-005,transporte,milho,88.6,45.7,6.6,31.2,15.9,47.5,gleissolo,4,1175.4,72,14.0,1
2026-04-15 08:00,COLH-005,transporte,cana,85.3,25.6,1.3,23.9,9.8,94.0,gleissolo,4,1060.3,23,23.9,1
2026-04-15 08:00,COLH-003,campo,cana,33.3,5.6,1.6,23.2,14.7,362.4,latossolo,1,1536.1,23,7.3,0
2026-04-16 15:45,COLH-005,campo,soja,36.0,23.5,9.1,27.1,15.9,268.6,latossolo,0,1060.9,43,6.9,0
2026-04-17 06:45,PLAN-002,campo,cana,59.3,22.2,9.2,24.9,9.2,98.4,argissolo,5,1665.2,90,6.1,1
2026-04-17 09:45,TRAT-001,campo,milho,61.5,8.6,3.7,29.5,15.8,158.9,latossolo,5,205.3,47,7.2,1
2026-04-18 15:45,COLH-005,campo,soja,48.3,7.3,0.2,24.4,2.3,576.9,latossolo,1,1061.8,70,13.6,0
2026-04-19 06:15,TRAT-005,campo,soja,77.5,36.6,13.3,30.9,18.1,59.9,gleissolo,3,1176.1,48,27.4,1
2026-04-20 14:30,TRAT-002,campo,soja,37.2,7.3,0.5,25.9,7.0,697.3,latossolo,1,676.9,82,21.2,0
2026-04-21 09:00,COLH-001,campo,milho,67.9,1.9,3.2,26.4,16.3,689.0,latossolo,2,1348.2,25,26.9,0
2026-04-22 07:00,TRAT-004,transporte,milho,31.3,3.8,2.2,26.5,9.7,672.2,latossolo,0,1427.2,78,7.3,0
2026-04-23 07:00,TRAT-001,campo,milho,58.5,36.0,10.6,24.6,12.8,232.7,argissolo,2,206.3,67,8.8,1
2026-04-23 07:45,TRAT-002,transporte,milho,71.5,16.6,4.5,23.9,14.6,191.9,argissolo,5,677.6,86,8.2,1
2026-04-23 07:15,TRAT-004,transporte,soja,48.7,24.6,1.9,32.6,2.7,464.8,latossolo,1,1428.3,66,16.6,0
2026-04-23 08:00,COLH-005,campo,cana,61.2,16.0,2.7,33.6,9.5,632.9,latossolo,0,1063.5,20,16.4,0
2026-04-23 15:15,COLH-001,transporte,cana,80.0,48.6,8.3,23.5,7.1,106.1,gleissolo,4,1348.9,16,16.1,1
2026-04-23 15:30,PLAN-002,campo,soja,60.8,6.6,1.1,28.9,12.9,671.7,latossolo,0,1667.2,68,25.3,0
2026-04-24 07:45,TRAT-005,campo,cana,49.4,5.1,3.0,25.8,14.8,391.8,latossolo,2,1177.3,49,27.4,0
2026-04-25 08:15,COLH-005,campo,milho,41.6,9.6,3.1,25.0,17.5,203.2,latossolo,0,1064.5,46,26.4,0
2026-04-25 09:45,COLH-005,transporte,milho,50.2,24.2,3.2,26.2,2.4,669.9,latossolo,1,1066.1,81,25.2,0
2026-04-26 14:00,TRAT-002,campo,milho,66.0,21.0,8.6,24.3,11.7,202.8,argissolo,0,678.6,54,16.1,0
2026-04-27 07:00,COLH-003,campo,milho,59.3,29.1,6.0,22.5,2.2,123.1,argissolo,5,1537.0,47,23.3,1
2026-04-27 08:30,TRAT-003,campo,cana,65.1,38.1,8.0,30.5,7.0,109.8,argissolo,0,1955.2,52,11.9,1
2026-04-28 15:00,PLAN-002,campo,cana,72.3,33.9,8.8,24.0,13.1,205.2,argissolo,2,1668.5,53,7.5,1
2026-04-28 07:00,COLH-005,campo,soja,50.1,15.3,7.1,32.2,15.0,262.1,latossolo,2,1067.6,22,16.4,0
2026-04-29 08:15,COLH-005,transporte,milho,81.0,32.2,12.1,25.2,10.5,185.2,argissolo,1,1068.9,40,17.4,1
2026-04-30 15:15,COLH-005,campo,milho,76.6,16.5,8.6,28.5,18.1,236.9,argissolo,1,1069.7,49,26.9,1
2026-05-01 08:00,COLH-001,transporte,cana,38.1,13.5,14.0,30.4,4.0,413.5,latossolo,2,1349.7,80,9.7,0
2026-05-01 06:00,COLH-003,campo,milho,30.2,13.8,13.9,26.9,18.8,573.9,latossolo,1,1538.3,66,19.6,0
2026-05-02 08:00,TRAT-002,campo,soja,83.1,41.5,2.6,32.6,4.8,194.6,argissolo,0,680.2,55,22.9,1
2026-05-03 06:30,PLAN-002,campo,milho,51.7,12.3,14.1,32.2,10.2,694.0,latossolo,0,1670.0,19,11.9,0
2026-05-04 06:30,TRAT-005,campo,soja,65.9,20.7,7.7,23.0,13.9,620.9,latossolo,0,1178.0,22,15.5,0
2026-05-04 09:15,COLH-005,transporte,milho,30.5,16.3,10.4,22.7,3.7,547.6,latossolo,1,1071.4,25,13.7,0
2026-05-05 15:30,COLH-001,campo,soja,84.1,64.5,5.6,30.4,18.4,73.0,gleissolo,4,1350.3,90,23.8,1
2026-05-05 14:30,TRAT-002,transporte,soja,50.2,14.3,2.2,25.9,11.1,451.2,latossolo,0,681.0,92,8.9,0
2026-05-05 06:45,TRAT-003,campo,milho,75.2,17.3,0.3,25.1,1.6,161.8,argissolo,1,1955.9,79,5.8,1
2026-05-05 06:45,TRAT-001,campo,soja,84.3,30.8,6.3,33.9,8.6,203.2,argissolo,1,207.0,53,5.9,1
2026-05-05 06:15,PLAN-001,campo,soja,55.1,5.9,1.5,30.1,11.6,94.5,argissolo,4,869.3,53,23.8,1
2026-05-06 08:15,TRAT-002,campo,cana,65.4,0.4,1.0,23.2,2.1,571.3,latossolo,2,682.4,91,20.9,0
2026-05-06 09:15,PLAN-001,campo,soja,39.4,22.9,8.6,28.9,15.8,696.4,latossolo,1,870.2,35,11.2,0
2026-05-06 08:30,TRAT-001,campo,cana,87.5,39.2,7.4,33.7,18.9,112.0,gleissolo,5,208.9,53,22.9,1
2026-05-07 07:30,COLH-003,campo,cana,42.0,17.7,12.1,33.0,11.9,617.1,latossolo,1,1539.9,76,16.7,0
2026-05-08 08:00,COLH-005,transporte,soja,56.5,20.1,9.1,22.5,2.8,215.9,argissolo,2,1072.7,90,17.4,1
2026-05-09 06:15,TRAT-004,transporte,soja,82.4,32.8,10.6,26.8,5.9,200.9,argissolo,1,1430.0,41,13.1,1
2026-05-10 08:30,PLAN-001,transporte,milho,48.8,21.0,13.7,26.4,9.2,689.7,latossolo,2,870.9,33,21.8,1
2026-05-11 07:15,COLH-001,campo,cana,88.1,50.8,3.9,31.9,19.4,74.9,gleissolo,5,1351.9,67,15.1,1
2026-05-12 07:45,TRAT-003,transporte,cana,85.5,57.8,1.1,31.8,2.4,116.2,gleissolo,0,1957.0,57,7.3,1
2026-05-12 06:15,PLAN-001,campo,soja,73.5,24.3,7.3,22.1,11.7,183.4,argissolo,0,871.4,7,16.7,1
2026-05-13 14:45,TRAT-003,campo,soja,73.6,15.1,5.3,31.5,3.0,98.2,argissolo,3,1958.4,63,17.6,1
2026-05-13 15:00,TRAT-001,campo,milho,55.5,17.6,1.2,32.1,13.4,411.8,latossolo,1,209.9,77,27.5,0
2026-05-13 07:45,TRAT-005,campo,soja,71.3,31.3,2.7,32.2,1.8,106.1,argissolo,1,1179.9,80,7.5,1
2026-05-14 08:15,PLAN-002,campo,milho,66.5,34.6,11.9,30.3,3.0,158.1,argissolo,5,1671.6,49,5.3,1
2026-05-14 14:45,COLH-001,campo,milho,61.8,27.1,5.6,24.2,12.3,140.1,argissolo,3,1353.5,15,22.5,1
2026-05-14 06:30,TRAT-003,campo,cana,44.4,2.3,4.7,27.3,15.6,364.3,latossolo,0,1960.4,21,6.1,0
2026-05-15 06:00,COLH-001,campo,cana,66.6,16.7,5.8,23.0,18.2,114.9,argissolo,1,1354.4,78,16.5,1
2026-05-15 08:30,TRAT-005,campo,soja,42.0,19.6,5.4,33.3,14.8,301.8,latossolo,1,1181.6,81,18.8,0
2026-05-15 06:45,COLH-001,transporte,milho,81.7,56.7,12.9,33.7,4.0,59.7,gleissolo,2,1355.9,82,26.7,1
2026-05-16 09:30,TRAT-005,campo,cana,39.7,9.4,4.1,26.7,3.6,466.7,latossolo,2,1182.8,30,18.2,0
2026-05-16 15:15,COLH-005,transporte,cana,61.8,16.8,2.1,25.6,6.2,616.3,latossolo,0,1073.9,59,22.9,0
2026-05-17 14:45,PLAN-001,campo,milho,72.8,41.6,1.6,25.0,13.8,212.5,argissolo,0,872.3,87,18.7,1
2026-05-18 09:00,TRAT-001,campo,soja,72.4,28.0,6.7,26.7,15.8,153.8,argissolo,4,211.9,93,16.0,1
2026-05-18 06:30,COLH-003,transporte,soja,35.7,7.8,2.3,24.5,10.4,667.4,latossolo,1,1541.0,17,14.5,0
2026-05-19 08:00,TRAT-002,campo,milho,59.9,44.4,3.7,24.1,4.5,185.4,argissolo,4,683.0,59,27.0,1
2026-05-20 07:45,COLH-003,campo,cana,83.6,20.2,3.2,25.3,14.5,70.5,gleissolo,0,1542.5,78,6.4,1
2026-05-20 08:15,COLH-005,campo,cana,87.8,46.9,9.2,29.0,7.9,77.5,gleissolo,3,1074.5,84,8.1,1
2026-05-21 15:15,COLH-001,campo,milho,35.7,9.7,3.0,28.9,9.3,355.3,latossolo,1,1356.7,86,16.9,0
2026-05-21 09:30,TRAT-003,campo,milho,83.6,24.4,2.9,26.6,11.9,223.1,argissolo,2,1961.5,68,13.8,1
2026-05-22 07:00,PLAN-002,campo,soja,51.5,4.2,2.3,30.9,15.7,301.2,latossolo,2,1672.8,70,6.7,0
2026-05-23 15:45,PLAN-001,campo,milho,60.1,7.4,5.0,27.4,7.9,606.5,latossolo,0,873.6,61,24.8,0
2026-05-23 15:30,PLAN-002,campo,soja,79.4,37.2,8.6,28.4,12.5,207.0,argissolo,0,1673.5,46,27.5,1
2026-05-24 07:45,TRAT-001,transporte,cana,40.0,17.8,12.4,31.1,14.0,626.3,latossolo,1,212.9,23,17.9,0
2026-05-25 09:00,TRAT-002,campo,cana,44.8,23.8,4.9,22.0,15.8,665.0,latossolo,2,683.8,16,21.5,0
2026-05-26 14:45,TRAT-004,transporte,soja,41.3,13.7,2.0,32.2,16.1,327.6,latossolo,2,1431.3,11,5.1,0
2026-05-27 06:15,COLH-005,campo,milho,35.3,16.2,2.4,33.2,6.6,528.7,latossolo,2,1076.0,51,10.0,0
2026-05-27 09:30,TRAT-004,campo,soja,69.3,10.3,3.4,30.2,1.7,50.2,argissolo,5,1432.7,48,23.6,1
2026-05-28 09:00,TRAT-004,campo,cana,82.4,33.5,5.7,31.8,17.7,39.3,gleissolo,5,1434.7,91,7.4,1
2026-05-28 09:30,TRAT-004,campo,soja,83.8,29.8,13.4,23.7,3.8,85.4,gleissolo,5,1436.0,54,12.4,1
2026-05-28 08:00,TRAT-004,campo,cana,83.2,6.1,4.2,32.5,5.3,107.0,argissolo,4,1437.1,70,8.5,1
2026-05-28 09:45,TRAT-002,campo,cana,84.3,44.5,14.0,23.6,17.4,155.7,argissolo,4,685.0,58,12.8,1
2026-05-29 06:00,TRAT-001,campo,soja,83.0,32.9,10.7,31.2,9.3,115.4,gleissolo,3,213.8,15,19.4,1
2026-05-29 06:30,TRAT-002,campo,soja,81.5,46.4,11.4,29.8,13.4,44.0,gleissolo,2,686.5,94,14.5,1
2026-05-29 07:00,COLH-003,campo,cana,77.3,34.6,1.8,30.5,14.5,111.9,argissolo,1,1544.3,68,26.9,1
2026-05-30 08:15,TRAT-005,campo,soja,79.2,15.9,1.0,30.5,12.2,55.9,argissolo,0,1184.1,68,14.9,1
2026-05-31 08:15,TRAT-005,transporte,cana,77.2,5.1,4.3,22.1,2.4,73.1,argissolo,2,1185.1,54,26.1,1
2026-05-31 07:30,TRAT-004,campo,cana,52.9,3.0,3.4,22.6,5.6,604.3,latossolo,2,1438.2,10,26.9,0
2026-06-01 08:30,TRAT-002,campo,soja,61.4,18.5,3.6,26.4,19.5,310.4,latossolo,0,688.4,74,22.3,0
2026-06-01 06:15,PLAN-001,campo,cana,75.0,49.6,12.7,30.7,3.4,115.6,gleissolo,4,874.3,35,14.1,1
2026-06-01 06:00,TRAT-004,transporte,cana,48.3,18.7,8.7,28.1,13.3,642.6,latossolo,1,1438.8,14,18.2,0
2026-06-01 08:30,COLH-001,transporte,milho,64.5,15.9,1.1,24.4,15.9,197.1,argissolo,4,1358.6,18,7.7,1
2026-06-02 09:00,PLAN-001,campo,soja,64.1,2.3,4.0,25.7,14.5,404.8,latossolo,2,876.2,10,9.2,0
2026-06-02 15:15,COLH-001,campo,soja,84.7,6.2,2.0,27.4,15.3,102.0,argissolo,1,1359.3,17,15.1,1
2026-06-02 06:00,TRAT-004,campo,milho,55.8,14.6,3.9,31.8,1.9,496.7,latossolo,0,1439.4,30,25.7,0
2026-06-02 08:00,TRAT-001,transporte,soja,62.9,9.9,0.1,30.2,4.7,465.6,latossolo,0,215.1,28,10.6,0
2026-06-02 14:15,TRAT-005,campo,cana,45.3,10.5,9.6,31.6,6.1,198.2,latossolo,4,1185.9,7,27.7,1
2026-06-03 14:45,COLH-001,transporte,cana,31.0,14.9,0.4,31.7,6.7,298.7,latossolo,1,1361.0,72,12.6,0
2026-06-03 06:15,TRAT-004,campo,cana,38.8,21.2,12.0,26.3,17.0,698.0,latossolo,0,1440.6,27,9.7,0
2026-06-04 15:30,PLAN-002,campo,cana,91.2,63.7,8.1,24.1,2.2,105.3,gleissolo,0,1674.4,34,18.4,1
2026-06-05 08:15,TRAT-003,campo,soja,81.5,21.0,8.8,33.0,15.8,106.0,gleissolo,4,1962.7,51,27.1,1
2026-06-06 08:30,COLH-001,campo,soja,74.2,24.5,4.8,30.5,11.9,137.4,argissolo,4,1362.4,50,9.4,1
2026-06-06 08:30,TRAT-003,campo,soja,82.8,64.7,14.5,22.4,12.6,115.4,gleissolo,4,1963.8,33,19.4,1
2026-06-07 08:00,TRAT-004,campo,milho,33.5,17.7,9.6,32.6,9.8,636.9,latossolo,1,1441.6,31,10.0,0
2026-06-08 15:00,TRAT-001,campo,cana,46.6,22.0,5.3,26.5,16.8,241.5,latossolo,2,216.3,88,22.2,1
2026-06-09 06:30,TRAT-001,campo,soja,45.0,18.3,8.2,32.8,3.2,243.6,latossolo,2,217.1,83,25.4,0
2026-06-10 14:45,TRAT-003,campo,milho,57.9,18.1,10.9,25.2,6.7,254.5,latossolo,0,1964.5,17,5.2,0
2026-06-11 06:30,TRAT-001,campo,milho,84.6,24.4,3.1,29.7,19.6,86.3,gleissolo,3,218.7,19,11.4,1
2026-06-12 06:45,TRAT-003,campo,milho,40.5,11.6,3.4,25.2,2.6,395.2,latossolo,2,1965.9,90,6.3,0
2026-06-13 14:00,COLH-003,transporte,milho,93.7,45.8,3.5,25.6,8.8,91.8,gleissolo,5,1545.6,9,16.1,1
2026-06-13 09:15,TRAT-003,transporte,soja,69.5,10.9,15.0,29.5,16.9,382.9,latossolo,1,1967.4,45,25.9,1
2026-06-13 09:45,PLAN-001,campo,milho,55.4,33.0,8.8,31.4,3.6,233.4,argissolo,0,878.0,23,17.6,0
2026-06-13 14:00,TRAT-005,transporte,milho,88.1,45.7,7.1,24.1,9.0,53.8,gleissolo,4,1187.6,82,20.3,1
2026-06-14 15:15,TRAT-001,campo,milho,91.3,33.6,4.2,27.9,14.4,31.8,gleissolo,0,219.8,34,7.2,1
2026-06-15 08:45,PLAN-002,campo,soja,46.3,12.1,7.7,26.5,2.5,652.4,latossolo,0,1674.9,13,11.5,0
2026-06-15 07:15,TRAT-004,transporte,soja,44.4,5.0,1.8,27.6,8.8,177.8,latossolo,0,1442.2,92,4.7,0
2026-06-16 09:30,COLH-001,campo,milho,63.6,20.5,2.4,28.9,19.4,187.8,argissolo,1,1363.8,87,9.4,1
2026-06-17 15:00,COLH-005,transporte,cana,39.0,15.2,14.1,30.6,14.6,590.5,latossolo,1,1077.1,59,25.5,0
2026-06-18 07:45,TRAT-005,campo,cana,50.5,16.6,12.6,26.5,13.5,206.3,latossolo,2,1188.7,41,11.2,0
2026-06-18 08:30,TRAT-005,campo,cana,78.8,43.3,3.6,22.7,17.4,88.6,gleissolo,4,1189.4,56,19.9,1
2026-06-18 08:30,COLH-003,campo,cana,52.9,4.7,3.6,24.7,11.4,539.4,latossolo,1,1547.5,90,12.6,0
2026-06-18 08:00,COLH-005,campo,milho,82.4,42.9,13.5,29.9,5.6,161.8,argissolo,1,1078.9,44,14.1,1
2026-06-19 14:30,COLH-005,transporte,milho,53.2,15.5,7.1,24.3,3.7,498.9,latossolo,2,1080.7,53,16.7,0
2026-06-19 07:30,COLH-003,transporte,milho,37.2,2.0,1.7,33.8,7.3,624.3,latossolo,0,1548.5,5,14.8,0
2026-06-19 09:00,TRAT-003,campo,cana,49.1,0.1,2.7,30.8,19.1,386.0,latossolo,1,1969.3,72,8.6,0
2026-06-19 15:30,TRAT-005,campo,milho,57.0,6.8,4.7,27.5,11.1,111.2,argissolo,4,1190.9,48,14.4,1
2026-06-19 09:30,TRAT-004,campo,milho,69.4,5.3,0.1,28.1,3.8,273.4,latossolo,2,1443.3,88,23.0,0
2026-06-20 14:00,TRAT-002,campo,soja,47.8,3.1,1.3,30.4,5.3,213.7,latossolo,2,689.3,85,4.2,0
2026-06-20 14:15,COLH-003,transporte,soja,63.5,36.4,7.5,29.3,15.9,173.5,argissolo,4,1549.3,30,12.6,1
2026-06-20 14:45,TRAT-004,campo,milho,56.9,22.7,12.5,30.0,4.3,151.5,latossolo,0,1444.4,70,5.8,0
2026-06-21 09:30,TRAT-005,campo,soja,92.0,36.2,10.2,27.1,3.6,108.7,gleissolo,0,1192.4,6,24.4,1
2026-06-21 08:45,PLAN-002,campo,cana,37.3,10.0,4.8,25.3,8.6,598.2,latossolo,1,1676.2,58,19.6,0
2026-06-21 15:00,TRAT-003,campo,cana,47.5,15.3,11.7,29.3,17.5,462.9,latossolo,2,1970.8,21,15.6,0
2026-06-22 06:00,TRAT-005,campo,soja,78.0,28.1,8.5,33.7,13.9,185.6,argissolo,2,1193.9,71,16.6,1
2026-06-22 15:15,COLH-005,campo,cana,79.8,40.7,9.2,22.1,18.8,79.7,argissolo,4,1081.8,65,24.4,1
2026-06-22 08:15,COLH-001,transporte,soja,66.4,37.7,1.2,27.3,12.1,160.1,argissolo,0,1364.6,68,14.7,1
2026-06-23 06:45,COLH-003,campo,cana,54.2,15.5,4.6,28.1,5.3,200.0,latossolo,2,1550.4,63,26.8,0
2026-06-23 09:30,PLAN-001,transporte,cana,58.6,2.9,3.8,24.7,7.8,511.4,latossolo,2,879.4,42,17.1,0
2026-06-23 07:45,TRAT-003,transporte,cana,73.3,12.5,14.0,26.7,10.0,71.4,argissolo,1,1972.0,48,6.6,1
2026-06-23 09:15,COLH-005,campo,cana,63.6,12.1,7.6,33.1,4.8,664.4,latossolo,2,1083.6,27,21.5,0
2026-06-24 14:45,COLH-003,transporte,cana,83.9,43.8,6.8,23.6,9.1,104.7,argissolo,5,1551.4,70,11.2,1
2026-06-25 07:15,PLAN-002,campo,cana,69.3,16.3,14.4,28.0,14.3,519.8,latossolo,1,1677.9,95,6.8,0
2026-06-26 15:30,COLH-003,transporte,cana,32.1,1.4,1.3,31.4,19.7,359.5,latossolo,2,1553.0,37,7.5,0
2026-06-27 14:00,COLH-001,transporte,soja,71.9,14.0,9.7,26.7,11.0,185.1,argissolo,5,1365.3,41,20.6,1
2026-06-28 09:30,PLAN-001,campo,cana,61.2,21.8,12.4,32.9,14.5,491.3,latossolo,2,880.5,52,22.1,1
2026-06-28 08:45,TRAT-003,transporte,soja,50.6,9.4,2.1,28.7,3.9,245.6,latossolo,2,1973.1,37,4.1,0
2026-06-28 07:30,PLAN-002,campo,cana,69.7,27.9,5.4,31.4,7.4,182.4,argissolo,1,1678.9,28,16.5,1
2026-06-28 14:45,TRAT-002,campo,soja,63.8,43.0,9.3,27.7,11.9,116.2,argissolo,5,690.4,6,6.8,1
2026-06-28 06:30,COLH-003,transporte,soja,41.3,22.8,12.3,26.5,16.4,447.1,latossolo,1,1553.6,67,5.1,1
2026-06-28 14:00,TRAT-002,campo,cana,61.3,30.2,3.2,30.2,17.0,175.4,argissolo,1,691.4,73,23.9,1
2026-06-29 15:15,TRAT-001,campo,milho,37.1,6.3,0.4,31.9,18.4,190.3,latossolo,3,221.8,54,14.8,1
2026-06-30 09:00,PLAN-001,campo,cana,72.6,33.0,1.1,33.1,3.5,201.2,argissolo,2,881.8,43,18.6,1
2026-07-01 09:00,COLH-005,campo,soja,61.9,13.6,14.4,23.7,14.0,365.0,latossolo,2,1084.3,87,13.0,1
2026-07-01 06:00,PLAN-002,campo,cana,61.3,34.7,10.9,24.5,18.3,67.0,argissolo,4,1680.6,23,7.9,1
2026-07-02 06:15,PLAN-002,transporte,cana,41.6,1.7,0.5,30.7,10.5,452.3,latossolo,1,1681.4,50,7.1,0
2026-07-02 14:00,TRAT-004,campo,milho,57.7,3.8,2.8,31.7,19.2,512.7,latossolo,0,1446.0,5,11.5,0
2026-07-03 08:15,COLH-001,transporte,milho,49.5,2.7,3.2,23.0,6.7,576.1,latossolo,0,1365.9,73,8.7,0
2026-07-03 06:00,PLAN-002,campo,cana,40.4,22.3,8.1,29.8,4.2,170.2,latossolo,3,1682.9,33,25.4,1
2026-07-04 09:00,COLH-003,campo,soja,79.2,29.6,2.5,28.2,9.8,219.6,argissolo,0,1555.4,77,26.8,0
2026-07-04 08:00,TRAT-004,transporte,soja,31.7,5.2,4.5,26.3,10.2,353.2,latossolo,1,1447.7,10,5.0,0
2026-07-04 15:30,PLAN-002,campo,soja,53.5,22.5,1.2,25.0,19.5,358.2,latossolo,0,1684.3,71,13.7,0
2026-07-05 09:00,PLAN-001,transporte,milho,55.7,5.3,0.9,26.3,14.8,192.4,latossolo,0,882.7,89,9.5,0
2026-07-05 15:45,COLH-005,campo,soja,62.3,10.1,8.9,23.6,11.0,132.2,argissolo,4,1086.2,23,5.3,1
2026-07-05 14:00,TRAT-005,transporte,soja,64.7,4.3,4.2,29.2,16.2,696.0,latossolo,0,1195.5,84,19.8,0
2026-07-06 14:00,TRAT-004,campo,soja,64.4,12.6,6.3,23.8,3.3,261.3,latossolo,1,1449.2,83,18.4,0
2026-07-06 09:15,PLAN-002,campo,soja,88.0,43.5,5.6,22.5,11.3,99.7,gleissolo,1,1686.0,66,22.9,1
2026-07-06 07:30,COLH-005,transporte,soja,46.3,4.7,3.5,31.5,12.2,632.2,latossolo,0,1087.1,71,4.2,0
2026-07-07 08:00,TRAT-003,campo,cana,46.9,9.1,1.4,30.2,15.5,620.2,latossolo,1,1974.3,75,22.8,0
2026-07-08 08:30,PLAN-002,campo,cana,64.6,3.0,1.1,31.4,19.1,225.9,latossolo,0,1687.1,32,16.2,0
2026-07-08 09:00,TRAT-002,transporte,milho,76.3,30.0,1.2,22.5,8.6,69.2,gleissolo,3,693.2,83,19.7,1
2026-07-08 15:45,COLH-005,campo,cana,78.9,55.3,7.7,30.4,12.9,76.6,gleissolo,5,1088.6,9,12.6,1
2026-07-08 08:45,COLH-001,campo,milho,77.1,7.7,0.5,25.4,16.9,153.5,argissolo,4,1367.5,49,12.3,1
2026-07-08 09:45,PLAN-002,campo,soja,32.9,7.4,4.7,31.6,19.2,208.6,latossolo,2,1688.8,78,10.0,0
2026-07-09 07:30,COLH-005,campo,cana,80.2,37.2,11.8,24.6,14.5,73.4,gleissolo,2,1090.1,57,26.9,1
2026-07-09 07:30,TRAT-002,campo,cana,93.6,41.4,5.3,32.7,6.5,36.8,gleissolo,5,694.1,92,26.3,1
2026-07-09 15:15,TRAT-005,campo,soja,82.1,55.1,1.8,22.9,19.2,105.3,gleissolo,3,1196.4,83,4.2,1
2026-07-09 08:30,COLH-005,transporte,cana,94.7,61.2,4.2,24.7,12.2,74.2,gleissolo,0,1091.4,72,23.2,1
2026-07-09 09:15,COLH-005,transporte,cana,55.3,32.0,5.7,23.2,8.2,113.1,argissolo,2,1092.6,28,17.2,1
2026-07-10 08:15,COLH-005,campo,milho,80.6,16.2,2.7,23.6,12.2,124.5,argissolo,1,1093.5,17,21.3,1
2026-07-11 07:15,TRAT-003,campo,soja,69.8,21.2,7.8,30.6,16.0,424.8,latossolo,1,1975.5,37,17.5,0
2026-07-12 15:15,TRAT-001,campo,milho,48.0,8.4,1.8,28.7,18.7,496.4,latossolo,1,222.9,49,4.5,0
2026-07-12 08:30,COLH-001,campo,milho,57.4,29.5,7.0,33.5,17.6,139.4,argissolo,5,1369.2,48,14.1,1
2026-07-13 06:15,COLH-001,campo,milho,73.2,20.8,13.3,31.4,18.9,192.1,argissolo,5,1370.6,80,16.5,1
2026-07-13 06:15,TRAT-004,campo,cana,60.0,9.1,0.3,32.5,11.6,66.0,argissolo,0,1451.0,55,16.6,0
2026-07-13 14:15,TRAT-002,campo,milho,41.4,15.7,2.0,32.1,2.0,286.1,latossolo,2,694.9,50,24.6,0
2026-07-14 14:30,PLAN-001,campo,cana,68.7,35.0,13.2,27.2,13.3,168.2,argissolo,4,884.4,44,25.8,1
2026-07-14 09:30,COLH-001,campo,soja,62.6,21.2,5.2,27.6,1.7,150.1,latossolo,3,1371.8,66,11.2,1
2026-07-15 06:30,TRAT-004,campo,cana,58.6,16.1,12.4,24.6,3.0,287.4,latossolo,2,1453.0,35,16.4,0
2026-07-16 15:30,COLH-003,campo,soja,55.5,15.4,4.1,29.5,5.0,309.3,latossolo,0,1556.9,24,5.2,0
2026-07-16 08:30,TRAT-003,campo,cana,30.6,5.4,2.1,31.4,10.7,199.6,latossolo,2,1976.9,64,20.7,0
2026-07-16 06:30,COLH-003,campo,milho,40.0,9.5,0.1,33.7,14.7,642.6,latossolo,1,1558.2,61,9.9,0
2026-07-16 15:00,PLAN-001,campo,soja,42.5,8.1,3.1,22.5,18.8,524.8,latossolo,2,885.6,20,10.1,0
2026-07-16 06:15,TRAT-002,campo,milho,41.0,3.0,3.9,22.1,2.3,242.0,latossolo,2,695.9,65,20.5,0
2026-07-16 07:45,TRAT-002,campo,milho,87.5,22.7,9.7,30.4,16.1,119.7,gleissolo,1,696.6,67,9.6,1
2026-07-17 15:15,TRAT-001,campo,milho,56.2,33.3,8.4,28.5,10.6,100.1,argissolo,4,223.6,28,17.0,1
2026-07-18 14:15,TRAT-002,campo,milho,44.7,0.0,3.2,26.5,4.9,294.8,latossolo,0,698.6,84,24.6,0
2026-07-18 15:00,PLAN-001,transporte,soja,71.5,29.5,4.8,29.7,3.5,149.5,argissolo,4,887.1,89,5.6,1
2026-07-18 06:15,TRAT-002,campo,soja,45.5,12.2,9.4,29.1,2.4,503.0,latossolo,0,700.3,82,21.2,0
2026-07-18 06:45,TRAT-001,campo,cana,82.4,51.9,12.4,25.2,2.3,67.4,gleissolo,0,224.6,43,5.9,1
2026-07-18 15:15,PLAN-001,campo,soja,73.8,12.2,11.2,27.0,3.5,99.8,argissolo,5,888.9,78,12.6,1
2026-07-19 07:15,PLAN-001,campo,milho,73.0,42.3,13.5,28.6,19.9,156.8,argissolo,2,890.1,57,22.3,1
2026-07-20 14:15,COLH-003,transporte,cana,47.9,9.9,3.6,33.8,12.5,678.9,latossolo,2,1560.2,22,27.8,0
2026-07-21 07:30,TRAT-001,transporte,cana,85.2,45.7,8.6,23.1,10.0,112.7,gleissolo,1,225.4,22,10.4,1
2026-07-21 08:30,TRAT-002,campo,cana,89.5,55.7,2.6,31.9,14.3,96.1,gleissolo,4,700.8,17,18.3,1
2026-07-22 06:30,COLH-001,transporte,milho,64.8,5.7,3.3,29.2,1.7,627.3,latossolo,2,1373.4,53,5.3,0
2026-07-23 08:15,TRAT-003,campo,cana,90.1,45.9,1.4,27.2,16.0,117.4,gleissolo,1,1977.4,21,12.1,1
2026-07-23 08:00,COLH-003,campo,cana,52.4,12.2,9.8,24.4,12.9,224.2,latossolo,2,1561.2,72,9.9,0
2026-07-24 15:00,TRAT-002,campo,milho,43.8,16.4,11.5,24.0,8.0,254.8,latossolo,1,701.8,84,7.5,0
2026-07-24 15:30,TRAT-003,transporte,soja,68.0,23.2,13.0,31.8,1.8,180.0,latossolo,5,1978.6,19,11.3,1
2026-07-25 15:15,TRAT-004,campo,milho,84.8,32.8,10.0,26.5,18.3,174.6,argissolo,4,1454.7,10,10.1,1
2026-07-25 06:45,TRAT-001,campo,cana,56.4,21.6,0.3,32.4,13.5,618.6,latossolo,0,227.2,53,16.2,0
2026-07-26 14:00,TRAT-003,campo,milho,56.2,41.9,4.6,27.9,15.3,192.5,argissolo,0,1979.8,49,20.4,1
2026-07-27 14:30,TRAT-001,campo,milho,75.6,45.0,4.2,23.8,18.1,103.3,gleissolo,5,228.8,22,6.1,1
2026-07-27 07:15,COLH-003,transporte,cana,38.3,3.5,2.7,31.6,17.5,448.2,latossolo,1,1561.8,93,20.9,1
2026-07-27 07:15,COLH-001,campo,cana,81.4,59.6,10.9,31.2,17.8,40.7,gleissolo,3,1374.7,57,11.3,1
2026-07-28 07:00,TRAT-003,campo,cana,73.4,28.9,3.5,22.3,3.0,171.1,argissolo,3,1980.8,22,16.1,1
2026-07-29 09:45,COLH-005,campo,soja,68.8,23.1,14.3,24.7,13.9,374.7,latossolo,0,1095.2,31,5.6,0
2026-07-30 15:30,COLH-005,transporte,milho,59.4,9.5,1.6,29.3,15.2,173.0,latossolo,4,1097.1,73,16.6,1
2026-07-30 09:45,TRAT-001,transporte,soja,77.1,27.3,7.7,29.6,2.4,129.1,argissolo,2,229.9,61,13.6,1
2026-07-31 07:45,TRAT-005,campo,soja,68.9,30.8,1.4,28.0,4.8,230.7,argissolo,2,1198.2,94,17.1,0
2026-08-01 06:15,COLH-005,campo,cana,76.8,34.6,9.7,30.5,4.5,109.4,gleissolo,5,1098.9,20,6.2,1
2026-08-02 14:45,PLAN-001,campo,soja,60.7,22.8,8.5,29.9,4.3,359.3,latossolo,0,891.2,27,22.5,0
2026-08-03 15:45,TRAT-005,campo,soja,75.1,54.4,0.2,28.0,10.7,116.4,gleissolo,0,1199.3,82,25.2,1
2026-08-04 09:45,TRAT-002,campo,soja,54.8,13.9,12.4,22.6,4.2,451.0,latossolo,2,702.4,49,4.9,0
2026-08-05 06:00,TRAT-002,campo,soja,56.4,17.5,8.6,28.7,19.4,306.4,latossolo,2,704.2,79,12.6,1
2026-08-06 08:45,TRAT-002,transporte,cana,34.9,21.5,4.9,27.0,5.4,408.9,latossolo,0,704.8,83,5.4,0
2026-08-06 15:30,COLH-003,campo,milho,54.9,23.2,9.2,28.0,15.0,466.3,latossolo,1,1563.1,68,23.4,0
2026-08-06 07:00,TRAT-002,campo,cana,61.2,29.6,6.2,22.5,8.0,197.5,argissolo,5,706.2,32,4.3,1
2026-08-07 06:30,TRAT-005,campo,milho,65.0,20.8,8.5,33.5,16.9,72.8,argissolo,1,1200.2,47,24.0,1
2026-08-08 06:15,COLH-005,campo,milho,81.7,55.3,6.2,30.9,16.9,78.3,gleissolo,2,1100.5,77,21.4,1
2026-08-08 14:30,COLH-001,campo,soja,69.3,15.7,12.6,28.9,8.7,167.1,latossolo,4,1376.3,19,24.8,1
2026-08-09 08:45,TRAT-002,campo,soja,42.1,13.1,2.6,26.5,2.2,606.2,latossolo,0,707.0,16,14.7,0
2026-08-10 07:30,COLH-005,campo,cana,60.8,2.5,4.9,28.2,19.9,330.0,latossolo,0,1101.5,9,15.0,0
2026-08-10 08:00,PLAN-002,transporte,milho,50.8,16.5,4.7,28.9,7.3,175.4,latossolo,1,1690.0,46,8.8,0
2026-08-11 15:00,TRAT-005,campo,milho,52.4,2.6,2.7,28.6,6.5,677.1,latossolo,2,1202.1,41,17.8,0
2026-08-12 14:45,TRAT-001,campo,milho,82.7,23.9,5.9,30.5,18.0,34.5,gleissolo,5,230.9,93,20.8,1
2026-08-13 07:00,COLH-005,campo,soja,84.4,40.5,10.3,30.5,10.1,112.8,gleissolo,1,1103.1,33,7.4,1
2026-08-14 09:15,COLH-001,transporte,milho,49.0,8.8,2.3,24.0,15.7,166.6,latossolo,4,1377.9,78,7.1,1
2026-08-14 14:00,TRAT-005,campo,milho,62.3,11.4,7.2,22.8,5.4,97.7,argissolo,5,1202.9,80,14.3,1
2026-08-15 07:00,PLAN-002,transporte,soja,71.7,37.9,2.6,33.5,2.8,142.6,argissolo,0,1690.9,92,23.5,1
2026-08-16 09:00,TRAT-002,campo,soja,87.7,20.0,2.2,23.8,11.3,111.3,gleissolo,3,707.5,83,17.9,1
2026-08-17 14:30,COLH-003,campo,milho,87.2,43.0,12.7,32.2,2.7,82.4,gleissolo,4,1564.9,11,4.0,1
2026-08-18 08:00,TRAT-004,campo,cana,45.3,9.5,2.7,29.9,10.3,325.0,latossolo,0,1455.3,76,13.2,0
2026-08-19 08:15,TRAT-003,campo,cana,49.5,10.9,14.9,23.0,13.4,546.7,latossolo,1,1982.2,63,25.4,0
2026-08-20 09:45,PLAN-001,transporte,milho,54.2,14.4,12.7,24.8,10.8,252.2,latossolo,1,891.8,74,17.8,1
2026-08-20 15:30,TRAT-002,campo,cana,51.1,21.5,11.3,25.4,11.1,551.6,latossolo,2,708.3,83,6.1,0
2026-08-20 14:00,COLH-001,campo,soja,48.8,18.3,6.3,33.5,16.3,432.0,latossolo,1,1378.6,26,4.8,0
2026-08-21 06:45,PLAN-002,campo,soja,77.1,6.1,2.4,23.5,2.9,108.4,argissolo,2,1692.6,37,7.2,1
2026-08-22 15:00,PLAN-002,campo,cana,66.1,12.0,11.7,24.8,4.8,181.8,argissolo,4,1693.5,9,12.2,1
2026-08-22 09:45,COLH-003,campo,milho,72.3,38.7,0.8,25.2,16.7,83.5,argissolo,0,1566.2,26,15.1,1
2026-08-23 09:45,COLH-005,campo,cana,93.5,40.2,10.2,33.5,14.1,31.1,gleissolo,0,1104.9,17,26.0,1
2026-08-24 08:30,TRAT-005,transporte,milho,78.2,35.0,11.0,29.1,5.1,128.2,argissolo,2,1204.9,91,20.6,1
2026-08-24 06:00,COLH-003,campo,soja,76.8,15.1,0.5,29.4,2.6,120.3,argissolo,4,1567.4,89,25.5,1
2026-08-24 06:15,COLH-003,campo,cana,81.9,32.8,3.8,27.6,18.8,243.4,argissolo,2,1568.2,63,26.1,1
2026-08-25 08:15,TRAT-002,campo,soja,32.4,23.9,4.0,27.3,10.6,333.0,latossolo,0,709.5,83,13.4,0
2026-08-25 14:45,TRAT-004,campo,soja,77.1,23.3,8.6,25.0,9.7,94.4,gleissolo,3,1457.2,24,19.7,1
2026-08-25 08:15,COLH-001,transporte,cana,60.8,12.0,6.1,30.7,16.5,539.2,latossolo,0,1380.5,74,9.4,0
2026-08-26 14:30,COLH-001,campo,milho,55.9,9.1,4.3,26.1,17.1,698.4,latossolo,1,1381.6,87,8.9,0
2026-08-27 08:45,TRAT-002,campo,milho,47.5,4.7,0.2,22.3,19.9,636.9,latossolo,0,711.0,67,13.3,0
2026-08-28 14:45,TRAT-001,campo,soja,46.2,5.3,3.3,28.3,18.9,546.6,latossolo,2,232.3,24,21.8,0
2026-08-28 15:15,COLH-005,campo,milho,79.9,49.2,0.2,29.6,18.2,85.7,gleissolo,0,1106.4,63,18.7,1
2026-08-28 06:45,PLAN-002,transporte,soja,43.5,20.9,11.1,26.8,3.7,261.5,latossolo,2,1694.1,78,17.1,1
2026-08-28 14:15,COLH-001,campo,milho,57.9,13.8,6.6,33.1,2.3,378.3,latossolo,0,1382.9,85,18.7,0
2026-08-28 06:00,TRAT-001,campo,soja,63.5,32.7,11.9,27.7,3.8,168.7,argissolo,1,233.1,86,10.5,1
2026-08-28 14:00,PLAN-002,campo,milho,79.8,17.0,6.3,28.7,5.1,67.6,argissolo,4,1695.1,17,18.9,1
2026-08-28 15:15,TRAT-005,campo,soja,84.1,24.0,2.6,30.0,2.3,187.0,argissolo,5,1205.7,51,10.8,1
2026-08-29 06:00,TRAT-001,transporte,soja,50.6,1.8,1.2,27.3,12.2,166.0,latossolo,3,234.3,30,21.9,1
2026-08-29 08:15,TRAT-002,campo,milho,79.4,41.2,7.3,32.7,4.2,63.8,gleissolo,4,712.7,63,8.3,1
2026-08-30 15:30,TRAT-005,campo,soja,41.2,2.8,2.3,27.0,15.6,462.8,latossolo,0,1206.9,42,18.5,0
2026-08-30 06:45,PLAN-001,campo,soja,63.4,34.2,11.0,25.0,7.6,217.4,argissolo,2,892.4,33,25.4,1
2026-08-30 09:00,TRAT-001,transporte,cana,70.9,24.2,12.0,31.9,9.9,56.7,argissolo,1,236.1,15,17.4,1
2026-08-31 07:30,TRAT-005,campo,soja,36.5,11.5,8.6,29.0,19.6,518.0,latossolo,1,1208.6,22,25.0,0
2026-09-01 15:00,TRAT-002,campo,cana,47.0,6.7,4.7,28.5,16.2,168.0,latossolo,5,713.8,15,18.9,1
2026-09-01 06:00,COLH-003,campo,cana,55.9,17.6,8.4,31.3,4.1,351.5,latossolo,1,1569.1,35,17.0,0
2026-09-01 08:30,TRAT-005,campo,milho,43.8,12.2,7.9,23.5,14.6,184.9,latossolo,5,1209.7,73,25.6,1
2026-09-02 07:45,TRAT-002,campo,soja,34.4,6.9,3.5,28.0,17.7,676.1,latossolo,2,714.8,85,4.5,0
2026-09-02 08:45,COLH-005,campo,soja,64.9,5.8,4.7,29.7,9.1,184.6,latossolo,2,1108.2,88,19.5,1
2026-09-03 08:15,TRAT-005,campo,milho,41.5,21.1,2.2,25.4,19.2,354.5,latossolo,2,1210.9,25,21.1,0
2026-09-03 07:15,TRAT-002,campo,milho,66.1,13.2,10.6,30.0,19.6,138.2,argissolo,1,715.9,52,14.8,1
2026-09-04 06:45,COLH-005,transporte,milho,94.4,44.6,7.6,29.8,7.0,44.0,gleissolo,2,1109.2,78,20.0,1
2026-09-05 15:00,COLH-005,transporte,soja,55.7,29.7,3.3,26.3,7.5,73.4,argissolo,4,1110.9,87,8.7,1
2026-09-06 06:00,PLAN-001,transporte,cana,70.4,12.8,4.8,29.3,19.0,67.5,argissolo,5,893.8,51,13.5,1
2026-09-07 09:30,TRAT-001,campo,milho,52.4,5.4,4.4,30.9,9.2,395.1,latossolo,1,236.6,41,7.9,0
2026-09-08 07:00,TRAT-003,campo,milho,81.7,62.0,8.9,26.5,1.6,77.3,gleissolo,5,1983.7,39,13.9,1
2026-09-08 07:45,TRAT-005,campo,soja,86.7,42.2,11.1,24.7,16.1,57.2,gleissolo,1,1211.8,38,11.2,1
2026-09-09 15:30,COLH-003,campo,cana,77.9,24.7,14.6,29.2,8.2,55.7,argissolo,3,1570.6,77,14.5,1
2026-09-10 08:00,TRAT-005,campo,soja,57.7,8.9,0.3,26.3,13.3,403.6,latossolo,1,1213.3,11,11.0,0
2026-09-10 15:15,TRAT-002,campo,soja,79.8,32.4,4.5,30.2,14.2,224.5,argissolo,0,717.9,73,17.9,1
2026-09-10 14:30,COLH-001,transporte,milho,34.1,3.9,1.1,24.3,18.1,650.9,latossolo,2,1384.6,93,24.0,0
2026-09-10 09:00,TRAT-002,transporte,soja,44.5,20.4,13.3,29.2,15.6,321.4,latossolo,1,719.6,27,21.0,1
2026-09-10 07:15,TRAT-004,campo,soja,57.6,19.6,1.2,31.3,15.5,193.2,latossolo,0,1457.7,30,6.6,0
2026-09-10 06:30,TRAT-001,campo,cana,35.0,15.0,8.8,24.4,13.9,203.1,latossolo,0,238.2,16,7.5,0
2026-09-11 08:15,PLAN-001,transporte,cana,34.0,14.5,0.2,24.6,5.0,463.6,latossolo,1,895.4,26,25.6,0
2026-09-11 14:45,COLH-001,campo,soja,37.2,8.9,1.9,24.6,5.7,676.8,latossolo,0,1385.9,45,7.0,0
2026-09-11 08:30,PLAN-001,campo,soja,41.3,15.0,4.7,33.7,9.7,213.6,latossolo,2,896.7,57,11.0,0
2026-09-11 09:30,TRAT-003,campo,cana,47.5,16.5,1.3,23.7,8.9,207.8,latossolo,2,1985.0,18,21.8,0
2026-09-11 08:15,COLH-001,campo,milho,59.0,7.0,3.6,29.0,6.5,611.0,latossolo,2,1386.6,56,12.5,0
2026-09-12 14:30,TRAT-003,transporte,soja,39.2,23.6,0.4,30.9,16.9,419.1,latossolo,1,1986.8,91,4.6,1
2026-09-13 08:00,TRAT-002,campo,cana,61.1,31.5,7.4,25.1,7.9,208.5,argissolo,2,720.1,74,4.4,1
2026-09-14 09:45,COLH-001,transporte,milho,52.3,21.5,4.5,30.5,10.6,168.1,latossolo,1,1388.1,44,21.2,1
2026-09-14 15:45,COLH-005,campo,soja,69.8,43.8,9.3,26.2,19.6,128.3,argissolo,2,1112.2,12,4.7,1
2026-09-15 15:00,COLH-001,campo,milho,44.1,16.5,3.7,29.8,12.5,346.6,latossolo,2,1389.3,13,24.9,0
2026-09-15 14:30,TRAT-001,campo,milho,63.0,32.8,8.8,33.8,8.5,230.3,argissolo,1,239.8,46,17.7,0
2026-09-15 08:45,PLAN-001,transporte,cana,44.5,10.9,7.5,32.2,16.1,488.2,latossolo,2,898.5,32,10.9,1
2026-09-16 14:00,PLAN-002,campo,milho,51.2,10.7,5.2,22.9,16.7,461.5,latossolo,2,1696.9,43,14.4,0
2026-09-16 09:30,PLAN-002,campo,cana,55.6,33.1,12.9,28.9,5.4,86.1,argissolo,5,1698.2,64,10.4,1
2026-09-17 14:15,COLH-001,campo,soja,42.0,10.9,4.8,32.0,2.7,526.9,latossolo,0,1390.0,57,10.4,0
2026-09-17 15:15,COLH-003,campo,soja,63.1,11.6,8.4,27.2,13.5,285.1,latossolo,0,1571.5,30,7.8,0
2026-09-18 15:15,TRAT-001,transporte,milho,81.9,17.6,4.5,22.8,19.2,61.1,argissolo,2,241.5,90,19.8,1
2026-09-18 06:00,PLAN-001,campo,cana,80.0,59.8,3.6,23.5,16.4,113.8,gleissolo,2,899.1,79,21.7,1
2026-09-18 07:15,TRAT-002,campo,milho,53.6,12.3,5.6,33.4,7.4,289.9,latossolo,1,721.7,65,20.4,0
2026-09-18 09:30,TRAT-005,campo,cana,62.0,1.4,4.6,30.1,6.2,556.7,latossolo,1,1214.6,44,19.3,0
2026-09-18 09:45,TRAT-001,transporte,milho,81.0,62.1,11.4,25.6,17.4,112.6,gleissolo,1,242.1,61,19.2,1
2026-09-19 08:00,COLH-005,campo,milho,83.4,61.3,1.5,23.9,6.3,59.9,gleissolo,0,1112.8,50,14.1,1
2026-09-20 15:00,TRAT-001,campo,soja,59.1,21.0,9.4,25.8,3.0,208.2,argissolo,0,243.9,36,16.4,0
2026-09-20 08:45,COLH-005,transporte,soja,63.1,20.0,3.0,27.0,4.9,528.1,latossolo,1,1114.4,78,9.4,0
2026-09-20 09:15,TRAT-005,campo,soja,54.0,3.7,4.8,24.0,12.0,489.9,latossolo,0,1216.2,72,14.4,0
2026-09-21 06:15,TRAT-004,campo,milho,35.2,21.4,9.0,33.9,6.7,421.8,latossolo,2,1459.4,29,14.0,0
2026-09-21 08:30,TRAT-004,campo,soja,48.3,0.3,0.7,25.9,14.3,526.3,latossolo,2,1460.5,32,21.1,0
2026-09-22 06:00,TRAT-001,campo,soja,54.3,16.8,12.0,30.5,16.5,344.9,latossolo,0,245.9,37,16.1,0
2026-09-23 07:00,PLAN-002,campo,soja,81.3,10.3,4.8,28.4,4.1,236.1,argissolo,0,1699.7,45,5.1,0
2026-09-24 09:30,TRAT-005,campo,milho,59.9,34.5,7.4,33.4,11.8,137.2,argissolo,5,1218.1,86,23.2,1
2026-09-24 07:15,TRAT-001,campo,soja,84.9,42.1,0.6,26.3,14.6,137.3,argissolo,3,247.0,63,15.8,1
2026-09-24 08:00,TRAT-004,transporte,soja,91.5,45.3,9.9,24.5,20.0,97.5,gleissolo,0,1462.1,72,22.4,1
2026-09-24 09:00,COLH-001,campo,cana,82.5,61.8,1.6,25.9,2.0,41.0,gleissolo,3,1390.9,95,19.8,1
2026-09-25 08:00,PLAN-002,transporte,milho,93.1,55.9,1.9,32.4,16.3,120.0,gleissolo,2,1700.4,46,23.2,1
2026-09-26 09:30,TRAT-003,campo,milho,36.5,19.5,4.3,31.0,13.6,618.8,latossolo,0,1987.6,43,15.8,0
2026-09-27 08:00,COLH-001,campo,milho,40.7,15.0,1.4,27.1,8.3,363.4,latossolo,0,1392.1,60,19.1,0
2026-09-28 15:15,TRAT-003,transporte,cana,63.7,22.5,13.6,27.7,4.2,154.9,argissolo,1,1988.7,92,25.7,1
2026-09-29 14:00,PLAN-001,campo,soja,67.4,23.6,10.8,31.8,8.1,152.1,argissolo,4,900.8,15,22.4,1
2026-09-30 07:45,TRAT-001,campo,cana,48.2,16.8,9.4,25.2,19.4,473.0,latossolo,0,248.8,32,8.4,0
2026-10-01 09:00,TRAT-001,campo,soja,57.7,21.7,14.5,29.2,10.5,412.4,latossolo,2,250.4,83,12.7,1
2026-10-02 06:15,TRAT-003,campo,soja,78.8,21.2,7.2,23.7,6.0,92.6,gleissolo,5,1990.5,73,8.6,1
2026-10-03 09:45,TRAT-001,campo,soja,69.6,5.8,2.2,24.9,7.0,139.1,argissolo,3,251.9,11,12.0,1
2026-10-04 09:30,TRAT-001,campo,milho,83.1,41.2,13.0,24.8,2.6,194.9,argissolo,0,252.6,59,17.8,1
2026-10-05 09:00,COLH-005,campo,cana,30.8,7.2,1.0,26.1,5.8,533.6,latossolo,0,1116.3,80,25.8,0
2026-10-06 08:45,COLH-003,transporte,cana,69.2,43.8,2.4,24.5,14.3,122.1,argissolo,0,1572.2,90,15.6,1
2026-10-06 06:45,COLH-005,campo,soja,65.8,15.4,10.2,24.1,17.4,249.9,argissolo,2,1117.3,9,23.4,1
2026-10-06 06:15,COLH-005,campo,milho,78.1,27.3,13.4,32.2,17.7,203.9,argissolo,2,1118.3,90,6.5,1
2026-10-07 06:00,PLAN-002,campo,soja,77.1,48.3,13.1,32.9,4.4,33.8,gleissolo,2,1702.0,95,14.6,1
2026-10-07 15:30,COLH-001,transporte,soja,83.3,54.6,3.7,31.7,7.8,69.5,gleissolo,4,1392.7,26,6.0,1
2026-10-08 15:15,TRAT-003,transporte,cana,62.1,10.3,6.1,27.5,17.3,275.5,latossolo,2,1991.5,51,26.6,1
2026-10-08 06:30,COLH-001,campo,soja,31.5,23.1,2.3,28.9,19.6,366.3,latossolo,2,1393.8,89,25.0,0
2026-10-09 15:30,COLH-001,transporte,soja,87.2,26.6,6.1,29.7,17.9,111.0,gleissolo,4,1395.8,84,19.6,1
2026-10-10 08:00,TRAT-001,campo,milho,58.8,44.7,4.3,23.1,11.7,198.0,argissolo,4,253.9,48,22.2,1
2026-10-10 07:30,COLH-003,transporte,soja,62.8,25.3,1.9,31.1,18.9,218.3,argissolo,1,1573.0,43,17.7,1
2026-10-11 15:15,COLH-001,campo,cana,75.2,33.6,7.8,25.0,7.6,193.0,argissolo,4,1397.3,29,23.7,1
2026-10-11 15:45,COLH-003,campo,soja,38.6,2.0,3.4,26.8,11.8,221.5,latossolo,1,1573.5,38,18.0,0
2026-10-12 15:45,TRAT-003,campo,soja,68.7,12.8,7.9,30.3,9.9,401.7,latossolo,0,1992.7,25,26.7,0
2026-10-12 06:00,COLH-001,campo,soja,64.1,20.0,4.4,22.3,4.1,73.5,argissolo,4,1398.3,58,5.2,1
2026-10-13 07:45,TRAT-001,campo,milho,49.2,7.7,2.3,26.1,8.5,174.6,latossolo,5,254.6,82,7.2,1
2026-10-14 15:45,TRAT-003,transporte,milho,54.9,9.7,4.5,26.1,2.3,493.6,latossolo,2,1993.8,61,21.7,1
2026-10-14 14:30,PLAN-001,campo,cana,73.6,28.1,0.8,28.8,5.0,88.5,argissolo,3,901.3,69,25.5,1
2026-10-14 08:15,TRAT-004,transporte,cana,54.3,10.0,0.2,32.3,1.9,593.8,latossolo,1,1462.9,28,14.0,0
2026-10-15 08:00,TRAT-002,transporte,cana,40.2,2.2,1.5,26.9,4.6,229.2,latossolo,2,723.6,46,8.4,0
2026-10-16 06:30,TRAT-003,campo,milho,66.0,1.3,1.2,29.2,5.9,667.9,latossolo,2,1995.3,69,13.2,0
2026-10-16 09:45,TRAT-002,campo,milho,55.6,27.2,8.8,23.2,15.6,232.7,argissolo,2,725.2,21,11.3,1
2026-10-16 07:30,PLAN-001,transporte,soja,82.3,23.1,0.0,27.6,16.8,134.8,argissolo,2,902.0,88,27.3,1
2026-10-17 14:30,COLH-003,transporte,cana,41.3,4.0,2.7,22.8,3.2,612.4,latossolo,2,1575.0,20,23.9,0
2026-10-18 07:30,COLH-001,campo,cana,69.3,8.5,2.3,29.2,1.8,285.3,latossolo,2,1400.1,22,19.5,0
2026-10-19 06:15,COLH-003,campo,cana,71.1,36.5,9.7,22.9,2.1,202.5,argissolo,2,1576.6,61,20.1,1
2026-10-20 09:15,TRAT-001,campo,milho,79.4,20.9,4.2,33.1,8.1,70.0,gleissolo,0,255.3,83,19.0,1
2026-10-20 09:30,TRAT-001,campo,cana,60.9,37.8,5.9,32.4,12.0,91.8,argissolo,3,257.0,26,17.2,1
2026-10-20 14:15,TRAT-002,campo,cana,89.6,32.3,12.7,22.3,19.4,109.3,gleissolo,5,726.3,73,18.7,1
2026-10-21 09:00,COLH-001,campo,milho,48.7,9.0,3.8,32.6,5.7,524.1,latossolo,1,1400.6,58,16.8,0
2026-10-22 08:00,PLAN-002,transporte,cana,68.3,22.9,3.0,26.0,2.7,529.3,latossolo,2,1703.3,17,4.7,0
2026-10-22 08:15,TRAT-002,campo,milho,85.4,30.7,1.1,29.2,9.6,103.9,gleissolo,0,727.8,85,14.7,1
2026-10-22 09:30,TRAT-002,transporte,soja,81.0,48.2,1.0,30.1,11.8,69.8,gleissolo,2,728.5,53,13.6,1
2026-10-23 14:00,COLH-005,campo,milho,81.8,62.2,11.7,27.4,7.6,85.7,gleissolo,1,1118.9,18,6.5,1
2026-10-23 14:15,PLAN-001,campo,milho,37.4,3.4,0.2,23.5,12.3,491.5,latossolo,2,902.5,88,22.1,0
2026-10-23 09:30,PLAN-002,campo,milho,88.2,26.5,3.6,31.8,11.8,76.6,gleissolo,0,1704.4,59,12.3,1
2026-10-23 08:15,COLH-005,campo,milho,72.4,43.5,9.2,27.0,4.5,116.2,argissolo,3,1120.3,10,15.9,1
2026-10-23 09:15,TRAT-004,campo,milho,83.0,57.2,0.1,22.1,8.1,63.8,gleissolo,4,1464.7,19,7.4,1
2026-10-24 06:15,TRAT-004,campo,soja,81.8,45.0,2.7,22.3,17.1,94.7,gleissolo,0,1465.9,7,24.0,1
2026-10-24 07:30,COLH-005,campo,milho,84.3,44.9,13.2,32.5,2.7,238.2,argissolo,0,1122.2,21,23.1,1
2026-10-25 08:45,TRAT-004,transporte,cana,63.8,10.9,3.7,29.6,6.7,220.9,argissolo,0,1466.6,70,27.2,1
2026-10-25 09:00,TRAT-003,campo,cana,70.6,12.2,10.7,28.3,10.4,124.9,argissolo,3,1996.0,65,10.4,1
2026-10-25 07:15,COLH-005,transporte,milho,45.1,3.9,4.2,25.1,3.1,383.8,latossolo,0,1123.0,42,14.7,0
2026-10-25 14:30,COLH-003,campo,milho,42.7,9.6,0.9,24.8,13.4,592.5,latossolo,1,1577.6,15,11.1,0
2026-10-25 07:00,TRAT-002,campo,soja,75.3,15.0,11.2,31.2,17.1,116.8,argissolo,1,729.9,95,18.5,1
2026-10-26 08:30,COLH-001,transporte,milho,90.2,20.5,9.8,33.9,19.1,104.0,gleissolo,3,1401.6,34,9.4,1
2026-10-27 14:45,COLH-005,campo,soja,60.8,17.4,3.1,27.4,11.8,253.3,latossolo,1,1124.0,22,17.9,0
2026-10-27 15:30,COLH-001,campo,milho,78.4,26.5,4.9,22.3,16.0,130.7,argissolo,1,1403.2,24,27.5,1
2026-10-28 07:45,TRAT-002,campo,soja,68.5,16.0,4.6,24.1,14.0,330.9,latossolo,0,730.6,9,23.8,0
2026-10-28 07:00,COLH-003,campo,soja,48.2,9.2,0.1,25.9,18.3,438.4,latossolo,1,1578.9,25,27.8,0
2026-10-29 15:00,COLH-003,transporte,soja,47.3,17.7,7.1,29.2,18.9,263.1,latossolo,2,1579.6,30,16.1,0
2026-10-30 06:15,COLH-005,campo,milho,64.9,27.8,7.4,27.6,2.2,99.4,argissolo,0,1124.7,41,19.5,0
2026-10-31 09:15,COLH-003,campo,cana,82.3,12.3,8.5,26.7,19.0,141.6,argissolo,1,1581.1,25,10.6,1
2026-11-01 15:15,COLH-005,campo,cana,60.2,12.6,11.7,26.9,4.5,352.8,latossolo,0,1126.6,69,5.1,0
2026-11-02 08:45,TRAT-004,campo,soja,35.5,16.8,7.0,27.5,3.0,540.0,latossolo,2,1468.4,36,21.1,0
2026-11-03 07:15,TRAT-001,campo,soja,45.6,1.9,3.8,30.1,4.3,444.1,latossolo,1,258.5,27,9.2,0
2026-11-03 15:00,PLAN-001,campo,cana,75.7,22.8,9.0,22.6,8.5,70.6,argissolo,1,903.5,36,13.0,1
2026-11-03 09:00,TRAT-001,campo,soja,83.8,8.9,4.2,30.0,14.9,62.6,argissolo,0,259.1,58,16.3,1
2026-11-04 14:15,PLAN-001,campo,milho,44.3,4.3,2.0,25.8,8.7,267.6,latossolo,1,904.4,33,5.6,0
2026-11-05 06:15,COLH-003,campo,cana,58.5,19.8,13.8,28.8,6.2,694.8,latossolo,0,1582.5,81,11.8,0
2026-11-06 08:15,COLH-001,transporte,cana,54.3,14.6,5.7,29.7,5.8,334.3,latossolo,2,1405.2,95,27.7,1
2026-11-06 07:45,TRAT-004,campo,soja,38.1,9.4,3.2,24.9,14.9,424.3,latossolo,1,1469.6,47,7.2,0
2026-11-06 15:30,TRAT-001,campo,cana,51.6,22.7,10.0,25.0,14.2,283.2,latossolo,2,260.8,33,18.6,0
2026-11-07 09:00,TRAT-002,transporte,soja,94.8,62.2,1.9,24.1,11.7,34.7,gleissolo,1,732.0,35,16.2,1
2026-11-08 07:15,TRAT-004,campo,cana,47.9,15.9,4.1,31.4,3.0,306.9,latossolo,1,1470.6,55,13.1,0
2026-11-09 07:45,TRAT-001,transporte,milho,93.4,46.8,2.3,30.7,6.3,98.3,gleissolo,3,261.9,44,14.9,1
2026-11-10 08:15,COLH-005,campo,soja,59.2,9.4,2.0,27.0,8.8,623.9,latossolo,2,1127.1,52,13.2,0
2026-11-10 06:00,COLH-003,transporte,soja,40.2,22.8,10.8,28.1,10.5,390.0,latossolo,2,1583.9,52,20.7,1
2026-11-11 07:45,TRAT-001,transporte,milho,75.9,30.8,3.9,27.5,14.1,185.3,argissolo,2,263.0,36,18.5,1
2026-11-11 06:00,COLH-003,campo,cana,93.2,59.4,2.5,27.1,14.3,37.2,gleissolo,4,1585.4,73,19.8,1
2026-11-12 15:00,TRAT-002,campo,milho,79.2,53.7,10.5,22.1,4.6,54.2,gleissolo,3,733.1,5,6.3,1
2026-11-13 15:30,COLH-003,campo,milho,49.5,12.6,1.7,28.8,5.4,223.9,latossolo,0,1586.5,12,22.0,0
2026-11-13 09:45,PLAN-002,campo,cana,45.1,6.9,1.7,29.0,10.3,311.2,latossolo,2,1706.4,17,4.2,0
2026-11-13 06:15,PLAN-001,transporte,milho,77.8,42.3,7.1,26.0,9.4,247.4,argissolo,1,906.1,92,25.4,1
2026-11-13 15:45,COLH-003,campo,milho,75.1,59.2,6.0,32.0,18.6,102.6,gleissolo,0,1588.2,82,6.9,1
2026-11-13 09:45,PLAN-001,campo,soja,67.7,8.1,3.2,32.5,19.4,500.9,latossolo,2,908.1,46,20.3,0
2026-11-14 15:00,COLH-001,campo,milho,93.1,53.0,4.4,24.3,4.1,107.1,gleissolo,4,1406.0,78,22.8,1
2026-11-14 09:00,TRAT-005,transporte,cana,92.9,63.0,7.2,28.5,6.0,72.0,gleissolo,1,1218.7,89,20.8,1
2026-11-14 08:45,TRAT-005,campo,milho,75.1,31.6,13.8,29.6,10.6,240.3,argissolo,2,1219.4,47,24.9,1
2026-11-14 09:45,PLAN-001,transporte,milho,77.3,23.9,1.3,30.9,18.8,50.1,gleissolo,5,909.0,19,17.7,1
2026-11-15 14:00,TRAT-005,campo,cana,46.9,19.3,12.0,33.2,3.8,363.5,latossolo,2,1221.3,82,18.2,0
2026-11-15 08:15,TRAT-005,transporte,milho,63.5,34.9,12.7,31.9,2.1,79.5,argissolo,2,1222.0,44,16.1,1
2026-11-16 15:15,COLH-005,campo,milho,36.1,17.9,12.7,33.2,5.7,595.6,latossolo,2,1128.1,11,26.2,0
2026-11-17 08:15,TRAT-001,campo,milho,43.9,9.8,0.4,30.7,6.7,410.4,latossolo,0,264.9,94,24.6,0
2026-11-17 14:00,TRAT-005,campo,soja,69.5,40.9,3.1,31.7,5.1,138.4,argissolo,5,1223.5,6,12.7,1
2026-11-17 09:45,TRAT-003,transporte,soja,67.8,2.9,2.6,26.1,9.5,410.6,latossolo,0,1997.1,85,21.3,0
2026-11-17 09:45,TRAT-005,campo,soja,75.8,36.8,9.9,31.3,17.5,125.1,argissolo,5,1225.3,53,10.6,1
2026-11-18 06:00,TRAT-002,campo,cana,55.7,27.9,8.6,25.3,15.3,151.9,argissolo,4,734.8,28,13.2,1
2026-11-19 14:15,TRAT-002,campo,cana,78.7,56.6,0.3,28.7,11.4,101.6,gleissolo,4,736.8,67,5.5,1
2026-11-19 15:00,TRAT-003,transporte,cana,62.0,3.1,0.6,24.5,4.5,455.1,latossolo,2,1998.0,37,24.4,0
2026-11-19 08:15,COLH-003,transporte,cana,67.8,13.0,11.7,29.9,9.7,315.3,latossolo,2,1589.5,67,20.7,1
2026-11-20 15:00,TRAT-001,campo,soja,38.6,3.4,2.8,29.1,6.6,620.8,latossolo,2,266.0,84,14.1,0
2026-11-21 15:15,COLH-003,campo,milho,59.3,13.2,9.4,25.2,13.2,238.0,argissolo,2,1590.8,29,21.1,0
2026-11-21 07:30,COLH-003,campo,cana,51.3,17.1,6.1,26.0,3.1,298.6,latossolo,1,1592.1,39,7.5,0
2026-11-22 06:45,TRAT-004,campo,soja,70.8,40.0,8.8,31.7,3.3,74.7,argissolo,2,1471.8,94,17.7,1
2026-11-23 06:15,COLH-001,transporte,milho,57.1,19.7,8.3,32.6,8.9,593.3,latossolo,2,1407.6,21,10.2,0
2026-11-23 07:45,PLAN-002,campo,soja,82.4,55.0,10.2,27.0,10.0,87.5,gleissolo,3,1707.3,50,23.2,1
2026-11-24 14:15,TRAT-005,campo,soja,81.3,24.1,1.2,30.8,19.0,66.6,gleissolo,1,1226.8,78,5.4,1
2026-11-25 09:15,COLH-005,campo,cana,89.0,38.2,9.2,32.9,15.3,109.9,gleissolo,5,1129.8,59,20.9,1
2026-11-25 14:45,TRAT-003,campo,cana,82.3,26.0,5.3,22.6,10.7,45.7,gleissolo,1,1998.6,52,27.3,1
2026-11-25 08:30,COLH-005,campo,soja,45.7,23.1,13.9,33.5,11.0,497.1,latossolo,0,1131.4,64,25.4,0
2026-11-25 06:45,COLH-001,campo,soja,37.4,8.9,0.5,27.9,3.1,639.6,latossolo,2,1409.1,24,13.9,0
2026-11-25 15:30,TRAT-004,campo,milho,37.3,20.3,1.6,27.3,17.0,385.6,latossolo,0,1472.7,22,12.5,0
2026-11-26 06:15,TRAT-005,campo,milho,31.3,16.7,14.2,33.5,19.7,332.2,latossolo,0,1228.4,58,15.7,0
2026-11-26 09:45,TRAT-003,campo,soja,65.3,5.5,3.4,22.6,16.9,75.2,argissolo,3,1999.6,81,21.7,1
2026-11-27 09:00,COLH-003,campo,soja,63.4,9.6,1.3,30.4,13.8,87.4,argissolo,3,1593.8,30,15.4,1
2026-11-27 07:15,TRAT-004,campo,milho,67.2,10.7,9.2,23.1,2.4,694.7,latossolo,1,1473.9,72,11.4,0
2026-11-27 08:45,COLH-005,campo,milho,63.1,16.2,5.3,27.0,7.4,110.9,argissolo,0,1133.2,28,5.0,0
2026-11-28 08:45,TRAT-005,transporte,soja,49.7,8.4,0.6,30.0,14.1,288.7,latossolo,0,1229.6,47,12.7,0
2026-11-29 15:30,TRAT-004,campo,soja,89.9,25.4,8.8,32.9,13.6,41.7,gleissolo,1,1475.3,29,20.9,1
2026-11-29 08:45,TRAT-004,campo,soja,52.0,6.3,4.4,32.2,18.3,255.4,latossolo,1,1477.2,51,14.8,0
2026-11-30 09:45,PLAN-001,transporte,cana,63.2,43.7,4.3,33.5,2.6,83.4,argissolo,5,909.7,29,21.8,1
2026-11-30 09:45,PLAN-001,transporte,milho,55.1,27.9,8.9,22.1,18.7,91.4,argissolo,4,910.8,63,16.1,1
2026-12-01 07:30,TRAT-005,campo,soja,41.7,16.0,14.1,25.3,4.0,443.5,latossolo,0,1231.3,87,27.5,0
2026-12-01 06:30,PLAN-002,transporte,milho,52.0,18.1,6.1,29.3,7.5,538.0,latossolo,0,1708.6,85,23.6,0
2026-12-01 07:30,TRAT-001,campo,cana,45.3,16.3,13.1,29.6,11.7,560.2,latossolo,1,267.3,33,11.8,0
2026-12-02 09:15,COLH-003,campo,milho,37.4,21.6,2.8,27.9,15.0,249.8,latossolo,2,1595.5,41,4.5,0
2026-12-02 15:15,TRAT-002,campo,milho,68.8,2.5,2.6,30.7,16.4,650.0,latossolo,2,738.6,17,13.1,0
2026-12-02 07:15,TRAT-002,campo,cana,55.3,36.7,8.1,31.8,17.3,208.5,argissolo,0,739.1,30,7.3,0
2026-12-03 08:30,COLH-005,campo,soja,71.3,5.8,0.2,28.5,3.4,103.5,argissolo,3,1133.8,23,4.0,1
2026-12-03 09:15,COLH-001,campo,soja,88.7,52.2,13.5,27.9,19.8,91.6,gleissolo,1,1411.0,18,27.0,1
2026-12-03 06:30,TRAT-002,transporte,cana,43.4,4.5,2.1,32.7,14.2,385.7,latossolo,2,740.7,41,12.4,0
2026-12-04 08:00,TRAT-001,transporte,soja,59.4,22.9,12.0,33.7,16.6,79.3,argissolo,0,268.1,78,14.3,1
2026-12-04 08:15,TRAT-003,transporte,milho,57.7,10.3,11.9,26.0,16.3,383.1,latossolo,2,2000.8,36,13.2,1
2026-12-05 09:00,PLAN-002,campo,cana,77.4,33.1,3.5,22.0,19.9,188.7,argissolo,0,1710.3,51,17.4,1
2026-12-05 08:30,TRAT-003,campo,soja,93.6,38.9,3.2,24.7,15.3,79.6,gleissolo,0,2002.1,94,20.9,1
2026-12-05 08:00,TRAT-002,campo,soja,36.3,3.7,0.7,24.9,1.7,476.7,latossolo,1,741.4,24,22.4,0
2026-12-05 09:45,COLH-001,campo,cana,59.7,40.2,0.5,31.0,10.8,107.4,argissolo,0,1411.9,55,24.0,1
2026-12-06 14:30,TRAT-004,campo,soja,45.1,23.8,11.1,26.8,2.5,200.6,latossolo,1,1478.8,28,23.7,0
2026-12-06 09:30,COLH-003,transporte,soja,47.0,6.7,0.5,26.4,15.9,354.3,latossolo,1,1596.2,8,9.7,0
2026-12-06 07:00,TRAT-005,campo,soja,63.1,44.1,8.5,28.8,16.1,56.5,argissolo,0,1233.3,11,11.5,1
2026-12-06 08:45,PLAN-001,campo,milho,76.1,8.9,2.0,30.9,3.4,244.8,argissolo,0,912.4,8,18.1,0
2026-12-06 07:15,COLH-005,campo,cana,65.4,20.2,9.8,31.2,4.5,545.2,latossolo,2,1134.6,71,27.8,0
2026-12-07 07:30,TRAT-005,campo,milho,57.3,6.0,5.0,29.3,19.2,542.0,latossolo,2,1235.2,85,27.9,0
2026-12-07 08:00,COLH-005,campo,milho,32.7,14.4,5.3,22.9,14.6,312.6,latossolo,1,1136.0,38,27.7,0
2026-12-08 06:45,TRAT-001,campo,milho,66.7,3.2,1.8,32.1,19.1,621.4,latossolo,1,269.7,15,20.4,0
2026-12-09 14:00,TRAT-004,campo,cana,41.6,4.0,2.0,22.9,8.7,619.2,latossolo,1,1480.8,90,6.2,0
2026-12-10 06:15,TRAT-002,transporte,milho,64.9,17.7,14.9,27.8,14.5,89.9,argissolo,3,742.6,19,10.7,1
2026-12-10 07:15,COLH-001,campo,cana,79.3,36.6,14.7,24.6,5.4,62.5,argissolo,0,1413.4,92,14.2,1
2026-12-10 07:00,TRAT-005,campo,milho,83.4,29.6,13.4,24.2,2.5,70.6,gleissolo,3,1235.8,48,27.1,1
2026-12-10 09:45,COLH-005,campo,soja,93.3,45.7,12.3,28.7,18.0,69.3,gleissolo,1,1138.0,14,21.3,1
2026-12-10 15:30,TRAT-001,campo,milho,81.3,55.6,10.1,25.2,14.9,75.0,gleissolo,3,271.0,21,19.2,1
2026-12-10 07:15,COLH-003,campo,soja,61.3,12.6,10.2,33.5,8.3,93.2,argissolo,2,1596.9,7,11.2,1
2026-12-10 15:45,COLH-003,campo,milho,94.5,35.1,13.9,27.5,8.4,68.3,gleissolo,4,1597.9,81,7.9,1
2026-12-11 15:30,PLAN-002,transporte,soja,77.1,49.2,9.2,26.9,10.7,102.5,gleissolo,4,1712.2,74,6.4,1
2026-12-11 09:15,TRAT-004,transporte,cana,48.8,3.1,4.8,33.0,9.1,257.6,latossolo,2,1482.0,95,22.8,0
2026-12-12 14:30,TRAT-005,transporte,milho,66.4,16.8,0.1,32.9,2.1,646.5,latossolo,0,1236.7,24,23.0,0
2026-12-13 07:45,TRAT-004,campo,milho,63.1,20.0,8.7,23.5,13.3,504.4,latossolo,2,1483.1,27,13.7,0
2026-12-13 07:00,TRAT-003,campo,cana,77.9,41.7,12.6,23.9,7.5,128.4,argissolo,0,2003.2,16,4.6,1
2026-12-13 14:00,PLAN-002,campo,cana,74.0,36.1,2.8,29.8,5.6,246.7,argissolo,0,1713.4,73,24.2,0
2026-12-14 15:00,TRAT-005,campo,soja,72.4,9.1,2.3,29.2,3.5,177.7,argissolo,2,1238.5,38,25.5,1
2026-12-15 07:45,TRAT-002,campo,soja,55.0,5.3,2.1,32.7,13.2,417.6,latossolo,1,743.2,25,8.3,0
2026-12-15 06:30,COLH-001,campo,cana,70.7,15.2,1.8,29.3,11.4,51.0,argissolo,4,1414.3,70,22.3,1
2026-12-16 07:00,COLH-001,campo,soja,63.0,24.3,14.3,26.2,11.7,238.0,argissolo,1,1415.1,64,21.9,1
2026-12-17 08:15,TRAT-004,campo,cana,53.3,19.2,4.7,31.5,19.1,366.1,latossolo,1,1484.1,60,25.2,0
2026-12-18 14:00,PLAN-002,campo,soja,74.0,7.6,0.8,22.4,11.0,124.8,argissolo,4,1715.0,57,11.0,1
2026-12-19 06:00,TRAT-003,transporte,milho,57.2,31.3,5.6,31.4,3.8,121.5,argissolo,2,2003.7,93,4.3,1
2026-12-20 07:00,COLH-003,campo,soja,63.3,29.3,13.3,32.3,2.9,70.6,argissolo,5,1599.1,58,20.4,1
2026-12-21 07:00,COLH-005,campo,milho,36.8,8.2,1.9,28.9,6.8,218.3,latossolo,2,1139.4,78,27.7,0
2026-12-22 09:00,PLAN-001,transporte,soja,48.8,20.7,6.2,25.6,7.4,158.9,latossolo,2,913.5,56,5.9,1
2026-12-23 09:30,COLH-005,campo,cana,82.5,47.8,0.4,22.6,1.7,40.9,gleissolo,0,1141.3,46,24.7,1
2026-12-23 06:15,COLH-001,transporte,cana,92.4,31.7,11.8,23.3,19.0,114.1,gleissolo,0,1416.3,38,11.9,1
2026-12-24 15:15,TRAT-003,campo,soja,60.1,22.2,14.5,27.0,9.8,624.0,latossolo,0,2004.7,71,16.7,0
2026-12-25 08:45,TRAT-004,campo,milho,80.1,14.7,9.7,32.3,14.4,120.6,argissolo,0,1485.2,68,5.4,1
2026-12-25 09:15,COLH-005,campo,soja,85.3,34.1,14.2,30.5,13.6,98.5,gleissolo,4,1142.9,18,25.9,1
2026-12-26 09:15,COLH-003,campo,milho,68.1,14.4,1.5,27.5,3.5,527.4,latossolo,0,1600.3,35,4.4,0
2026-12-27 09:45,COLH-001,campo,cana,36.0,12.6,7.6,22.6,6.5,387.3,latossolo,0,1417.7,11,19.6,0
2026-12-28 08:15,COLH-003,campo,milho,68.0,32.2,9.7,33.5,5.6,148.7,argissolo,0,1601.5,9,17.8,1
2026-12-28 07:45,COLH-003,campo,soja,63.0,13.2,11.8,26.2,6.8,225.9,argissolo,2,1602.4,41,21.6,0
2026-12-29 15:15,TRAT-003,campo,soja,48.2,24.1,10.0,27.1,1.9,332.7,latossolo,1,2006.1,14,8.1,0
2026-12-29 09:00,COLH-005,transporte,milho,52.7,24.8,12.5,28.3,4.6,600.4,latossolo,0,1143.7,17,6.4,0
2026-12-30 09:30,PLAN-001,campo,milho,63.1,7.5,1.7,28.2,13.8,402.3,latossolo,2,915.2,66,6.7,0
2026-12-30 09:15,TRAT-003,campo,soja,68.9,9.0,3.7,24.3,19.2,557.6,latossolo,2,2007.7,18,27.2,0
2026-12-31 08:30,COLH-001,campo,milho,78.8,46.1,10.5,32.0,3.8,54.9,gleissolo,3,1419.3,77,27.2,1
2027-01-01 06:45,TRAT-003,campo,soja,71.7,11.5,7.3,22.8,7.0,108.0,argissolo,3,2009.5,10,9.2,1
2027-01-01 09:30,TRAT-001,campo,cana,77.8,59.5,11.8,28.0,19.2,34.5,gleissolo,4,272.5,24,26.9,1
2027-01-01 09:00,TRAT-005,campo,milho,88.6,37.4,6.0,32.8,18.0,52.4,gleissolo,2,1239.1,81,11.5,1
2027-01-02 15:15,TRAT-005,campo,cana,41.9,23.2,6.9,24.2,16.0,317.7,latossolo,1,1240.4,17,7.3,0
2027-01-03 09:30,COLH-003,campo,milho,31.1,19.2,1.3,23.7,18.3,651.9,latossolo,0,1603.0,79,16.3,0
2027-01-04 09:15,COLH-003,campo,milho,84.2,22.4,0.8,32.0,13.5,108.7,gleissolo,2,1603.7,81,6.3,1
2027-01-05 06:00,PLAN-002,campo,cana,70.5,27.5,14.5,23.6,18.1,190.3,argissolo,5,1716.7,24,11.2,1
2027-01-05 14:15,TRAT-002,campo,soja,57.9,13.2,7.1,32.0,9.7,74.2,argissolo,0,743.7,20,11.2,0
2027-01-05 14:30,PLAN-002,campo,cana,74.1,12.4,12.3,29.9,4.7,136.5,argissolo,5,1717.7,94,17.1,1
2027-01-06 15:00,PLAN-002,campo,cana,62.0,11.6,12.2,23.8,6.7,362.2,latossolo,0,1718.9,77,13.3,0
2027-01-06 06:30,TRAT-003,campo,cana,36.3,12.5,12.9,24.5,18.2,155.0,latossolo,4,2011.2,54,16.3,1
2027-01-06 15:30,COLH-005,campo,soja,42.1,9.8,4.6,29.7,8.5,569.4,latossolo,1,1145.4,82,19.8,0
2027-01-07 15:30,PLAN-002,transporte,milho,57.0,6.2,3.7,24.8,13.8,216.0,argissolo,1,1720.3,91,15.4,1
